{"cameraMode":{"drawMode":0,"name":"Shaded","section":"Shading Mode"},"sceneLighting":true,"audioPlay":false,"sceneViewState":{"m_AlwaysRefresh":false,"showFog":true,"showSkybox":true,"showFlares":true,"showImageEffects":true,"showParticleSystems":true,"showVisualEffectGraphs":true,"m_FxEnabled":true},"in2DMode":false,"pivot":{"x":0.5115829706192017,"y":2.8958580493927,"z":8.512680053710938},"rotation":{"x":0.34604930877685549,"y":-0.014072457328438759,"z":0.005191152449697256,"w":0.9380965828895569},"size":10.937995910644532,"orthographic":false}