{"cameraMode":{"drawMode":0,"name":"Shaded","section":"Shading Mode"},"sceneLighting":true,"audioPlay":false,"sceneViewState":{"m_AlwaysRefresh":false,"showFog":true,"showSkybox":true,"showFlares":true,"showImageEffects":true,"showParticleSystems":true,"showVisualEffectGraphs":true,"m_FxEnabled":true},"in2DMode":false,"pivot":{"x":902.259521484375,"y":714.03857421875,"z":-8.488092422485352},"rotation":{"x":-0.007499371655285358,"y":-0.008999435231089592,"z":-0.00006697643402731046,"w":0.9999347925186157},"size":446.0534362792969,"orthographic":true}