{"cameraMode":{"drawMode":0,"name":"Shaded","section":"Shading Mode"},"sceneLighting":true,"audioPlay":false,"sceneViewState":{"m_AlwaysRefresh":false,"showFog":true,"showSkybox":true,"showFlares":true,"showImageEffects":true,"showParticleSystems":true,"showVisualEffectGraphs":true,"m_FxEnabled":true},"in2DMode":false,"pivot":{"x":29.0120906829834,"y":-3.1562607288360597,"z":-5.778068542480469},"rotation":{"x":0.2245478481054306,"y":-0.013154787942767144,"z":0.0030315800104290249,"w":0.9743695259094238},"size":8.958706855773926,"orthographic":false}